[
    {
        "Movie": "Fast and Furious",
        "genre": "Action",
        "Year": 2009,
        "maincast(upto10ppl)": "Vin Diesel (Dom Toretto), Paul Walker (Brian O'Conner), Michelle Rodriguez (Letty), Jordan Brewster (Mia Toretto), John Ortiz (Campos), Laz Alonso (Fenix)",
        "Continents(s)availablein": "North America",
        "Serivcesavailableon": "Netflix, Peacock",
        "Rating(pg,r,pg13,etc)": "pg-13",
        "rent/buyon": "Prime, Vudu, Apple TV",
        "length": "1h 47 m",
        "rottentomatoscore": 0.28,
        "audiencescore": 0.67,
        "IMDbrating": "6.5/10",
        "Description": null,
        "trailerlink": "https://www.youtube.com/watch?v=kJdNBEHTGPg&pp=ygUaZmFzdCBhbmQgZnVyaW91cyAxIHRyYWlsZXI%3D"
    },
    {
        "Movie": "MI:7 pt 1",
        "genre": "Action",
        "Year": 2023,
        "maincast(upto10ppl)": "Tom Cruise (Ethan Hunt), Hayley Atwell (Grace), Ving Rhames (Luther Stickell), Simon Pegg (Benji Dunn), Rebecca Furguson (Ilsa Faust), Vanessa Kirby (The White Widow)",
        "Continents(s)availablein": "North America",
        "Serivcesavailableon": "None",
        "Rating(pg,r,pg13,etc)": "pg-13",
        "rent/buyon": "In Theaters, Vudu",
        "length": "2h 43m",
        "rottentomatoscore": 0.96,
        "audiencescore": 0.94,
        "IMDbrating": "7.9/10",
        "Description": null,
        "trailerlink": "https://www.youtube.com/watch?v=avz06PDqDbM&pp=ygUpbWlzc2lvbiBpbXBvc3NpYmxlIGRlYWQgcmVja29uaW5nIHRyYWlsZXI%3D"
    },
    {
        "Movie": "Spiderman Homecoming",
        "genre": "Action",
        "Year": 2017,
        "maincast(upto10ppl)": "Tom Holland (Peter Parker), Micael Keaton (Adrian Toomes), Robert Downey Jr. (Tony Stark), Marisa Tomei (May Parker), Jon Favreau (Happy Hogan), Gwyneth Paltrow (Pepper Potts)",
        "Continents(s)availablein": "North America",
        "Serivcesavailableon": "Disney +",
        "Rating(pg,r,pg13,etc)": "pg-13",
        "rent/buyon": "Prime, Vudu, Apple TV",
        "length": "2h 13m",
        "rottentomatoscore": 0.92,
        "audiencescore": 0.87,
        "IMDbrating": "7.4/10",
        "Description": null,
        "trailerlink": "https://www.youtube.com/watch?v=rk-dF1lIbIg&pp=ygUdc3BpZGVyIG1hbiBob21lY29taW5nIHRyYWlsZXI%3D"
    },
    {
        "Movie": "Star Wars: A New Hope",
        "genre": "Action",
        "Year": 1977,
        "maincast(upto10ppl)": "Mark Hamill (Luke Skywalker), Harrison Ford (Han Solo), Carrie Fisher (Leia Organa), Alec Guinness (Obi-Wan Kenobi), Peter Cushing (Grand Moff Tarkin), Anthony Daniels (C-3PO)",
        "Continents(s)availablein": "North America",
        "Serivcesavailableon": "Disney +",
        "Rating(pg,r,pg13,etc)": "pg ",
        "rent/buyon": "Prime, Vudu, Apple TV",
        "length": "2h 1m",
        "rottentomatoscore": 0.93,
        "audiencescore": 0.96,
        "IMDbrating": "8.6/10",
        "Description": null,
        "trailerlink": "https://www.youtube.com/watch?v=vZ734NWnAHA&pp=ygUTYSBuZXcgaG9wZSB0cmFpbGVyIA%3D%3D"
    },
    {
        "Movie": "James Bond: Skyfall",
        "genre": "Action",
        "Year": 2012,
        "maincast(upto10ppl)": "Daniel Craig (James Bond), Judi Dench (M), Javier Bardem (Silva), Ralph Fiennes (Gareth Mallory), Naomie Harris (Eve), Ben Whishaw (Q)",
        "Continents(s)availablein": "North America",
        "Serivcesavailableon": "None",
        "Rating(pg,r,pg13,etc)": "pg-13",
        "rent/buyon": "Prime, Vudu, Apple TV",
        "length": "2h 23m",
        "rottentomatoscore": 0.92,
        "audiencescore": 0.86,
        "IMDbrating": "7.8/10",
        "Description": null,
        "trailerlink": "https://www.youtube.com/watch?v=qSdsimsodZs&pp=ygUPc2t5ZmFsbCB0cmFpbGVy"
    },
    {
        "Movie": "The Batman",
        "genre": "Action",
        "Year": 2022,
        "maincast(upto10ppl)": "Robert Pattinson (Bruce Wayne), Zoe Kravitz (Selina Kyle), Jeffery Wright (Lt. James Gordon), Colin Farrell (The Penguin), Paul Dano (The Riddler), John Turturro (Carmine Falcone)",
        "Continents(s)availablein": "North America",
        "Serivcesavailableon": "HBO Max",
        "Rating(pg,r,pg13,etc)": "pg-13",
        "rent/buyon": "Prime, Vudu, Apple TV",
        "length": "2h 56m",
        "rottentomatoscore": 0.85,
        "audiencescore": 0.87,
        "IMDbrating": "7.8/10",
        "Description": null,
        "trailerlink": "https://www.youtube.com/watch?v=mqqft2x_Aa4&pp=ygUSdGhlIGJhdG1hbiB0cmFpbGVy"
    },
    {
        "Movie": "superbad",
        "genre": "Comedy",
        "Year": 2007,
        "maincast(upto10ppl)": "Jonah Hill (Seth), Michael Cera (Evan), Christopher Mintz-Plasse (Fogell), Bill Hader (Officer Slater), Seth Rogen (Officer Michaels), Martha Maclsaac (Becca)",
        "Continents(s)availablein": "North America",
        "Serivcesavailableon": "Netflix, Peacock",
        "Rating(pg,r,pg13,etc)": "R",
        "rent/buyon": "Prime, Vudu, Apple TV",
        "length": "1h 53m",
        "rottentomatoscore": 0.88,
        "audiencescore": 0.87,
        "IMDbrating": "7.6/10",
        "Description": null,
        "trailerlink": "https://www.youtube.com/watch?v=4eaZ_48ZYog&pp=ygUQc3VwZXJiYWQgdHJhaWxlcg%3D%3D"
    },
    {
        "Movie": "Miss Congeniality",
        "genre": "Comedy",
        "Year": 2000,
        "maincast(upto10ppl)": "Sandra Bullock (Gracie Hart), Michael Caine (Victor \"Vic\" Melling), Benjamin Bratt (Eric Matthews), William Shatner (Stan), Ernie Hudson (McDonald), Candice Bergen (Kathy Morningside)",
        "Continents(s)availablein": null,
        "Serivcesavailableon": "Netflix, HBO Max",
        "Rating(pg,r,pg13,etc)": "pg-13",
        "rent/buyon": "Prime, Vudu, Apple TV",
        "length": "1h 45m",
        "rottentomatoscore": 0.41,
        "audiencescore": 0.69,
        "IMDbrating": "6.3/10",
        "Description": null,
        "trailerlink": "https://www.youtube.com/watch?v=LwrEnPYHsyQ&pp=ygUZbWlzcyBjb25nZW5pYWxpdHkgdHJhaWxlcg%3D%3D"
    },
    {
        "Movie": "Fist Fight",
        "genre": "Comedy",
        "Year": 2017,
        "maincast(upto10ppl)": "Charlie Day (Andy Campbell), Ice Cube (Strickland), Tracy Morgan (Coach Crawford), Jillian Bell (Holly), Dean Norris (Principal Tyler), Christian Hendricks (Ms. Monet)",
        "Continents(s)availablein": null,
        "Serivcesavailableon": "Peacock",
        "Rating(pg,r,pg13,etc)": "R ",
        "rent/buyon": "Prime, Vudu, Apple TV",
        "length": "1h 31m",
        "rottentomatoscore": 0.25,
        "audiencescore": 0.4,
        "IMDbrating": "5.6/10",
        "Description": null,
        "trailerlink": "https://www.youtube.com/watch?v=9aIzXYo6VCE&pp=ygUSZmlzdCBmaWdodCB0cmFpbGVy"
    },
    {
        "Movie": "Ferris Buellers Day Off",
        "genre": "Comedy",
        "Year": 1969,
        "maincast(upto10ppl)": "Matthew Broderick (Ferris Bueller), Alan Ruck (Cameron Frye), Mia Sara (Sloane Peterson), Jennifer Grey (Jean 'Jeanie' Bueller), Jefferey Jones (Dean Edward 'Ed' R. Roony), Edie McClurg (Grace)",
        "Continents(s)availablein": null,
        "Serivcesavailableon": "Netflix",
        "Rating(pg,r,pg13,etc)": "pg-13",
        "rent/buyon": "In Theaters, Vudu, Prime, Apple TV",
        "length": "1h 43m",
        "rottentomatoscore": 0.82,
        "audiencescore": 0.92,
        "IMDbrating": "7.8/10",
        "Description": null,
        "trailerlink": "https://www.youtube.com/watch?v=D6gABQFR94U&pp=ygUgZmVycmlzIGJ1ZWxsZXIncyBkYXkgb2ZmIHRyYWlsZXI%3D"
    },
    {
        "Movie": "Elf",
        "genre": "Comedy",
        "Year": 2003,
        "maincast(upto10ppl)": "Will Ferrell (Buddy), James Caan (Walter), Bob Newhard (Papa Elf), Ed Asner (Santa), Mary Steenburgen (Emily), Zooey Deschanel (Jovie)",
        "Continents(s)availablein": null,
        "Serivcesavailableon": "HBO Max, Paramount +",
        "Rating(pg,r,pg13,etc)": "pg",
        "rent/buyon": "In Theaters, Vudu, Prime, Apple TV",
        "length": "1h 37m",
        "rottentomatoscore": 0.85,
        "audiencescore": 0.79,
        "IMDbrating": "7.1/10",
        "Description": null,
        "trailerlink": "https://www.youtube.com/watch?v=14o38xfHlXc&pp=ygULZWxmIHRyYWlsZXI%3D"
    },
    {
        "Movie": "Dumb and Dumber",
        "genre": "Comedy",
        "Year": 1994,
        "maincast(upto10ppl)": "Jim Carrey (Lloyed Christmas), Jeff Daniels (Harry Dunne), Lauren Holly (Mary Swanson), Teri Garr (Helen Swanson), Karen Duffy (J.P. Shay), Mike Starr (Joe \"Mental\" Mentaliano)",
        "Continents(s)availablein": null,
        "Serivcesavailableon": "HBO Max",
        "Rating(pg,r,pg13,etc)": "pg-13",
        "rent/buyon": "In Theaters, Vudu, Prime, Apple TV",
        "length": "1h 46m",
        "rottentomatoscore": 0.68,
        "audiencescore": 0.84,
        "IMDbrating": "7.3/10",
        "Description": null,
        "trailerlink": "https://www.youtube.com/watch?v=l13yPhimE3o&pp=ygUXZHVtYiBhbmQgZHVtYmVyIHRyYWlsZXI%3D"
    },
    {
        "Movie": "Candyman",
        "genre": "Horror",
        "Year": 1992,
        "maincast(upto10ppl)": "Virginia Madsen (Helen Lyle), Xander Berkeley (Trevor Lyle), Tony Todd (The Candyman), Kasi Lemmons (Bernadette Walsh), Vanessa Williams (Anne-Marie McCoy), DeJuan Guy (Jake), Marianna Elliott (Clara), Ted Raimi (Billy), Ria Pavia (Monica)",
        "Continents(s)availablein": "North America",
        "Serivcesavailableon": "Peacock",
        "Rating(pg,r,pg13,etc)": "R",
        "rent/buyon": "Vudu, Prime, Apple TV",
        "length": "1h 39m",
        "rottentomatoscore": 0.79,
        "audiencescore": 0.63,
        "IMDbrating": "6.7/10",
        "Description": null,
        "trailerlink": null
    },
    {
        "Movie": "Trick 'R Treat",
        "genre": "Horror",
        "Year": 2007,
        "maincast(upto10ppl)": "Anna Paquin (Laurie), Brian Cox (Mr. Kreeg), Dylan Baker (Steven), Leslie Bibb (Emma), Rochelle Aytes (Maria), Samm Todd (Rhonda), Quinn Lord (Sam, Peeping Tommy), Lauren Lee Smith (Danielle)",
        "Continents(s)availablein": "North America, South America, Europe, Australia",
        "Serivcesavailableon": "None",
        "Rating(pg,r,pg13,etc)": "R",
        "rent/buyon": "In Theaters, Vudu, Prime, Apple TV",
        "length": "1h 22m",
        "rottentomatoscore": 0.82,
        "audiencescore": 0.72,
        "IMDbrating": "6.7/10",
        "Description": null,
        "trailerlink": null
    },
    {
        "Movie": "The Lost Boys",
        "genre": "Horror",
        "Year": 1987,
        "maincast(upto10ppl)": null,
        "Continents(s)availablein": null,
        "Serivcesavailableon": null,
        "Rating(pg,r,pg13,etc)": null,
        "rent/buyon": null,
        "length": null,
        "rottentomatoscore": 0.77,
        "audiencescore": null,
        "IMDbrating": null,
        "Description": null,
        "trailerlink": null
    },
    {
        "Movie": "Scream",
        "genre": "Horror",
        "Year": 1996,
        "maincast(upto10ppl)": null,
        "Continents(s)availablein": null,
        "Serivcesavailableon": null,
        "Rating(pg,r,pg13,etc)": null,
        "rent/buyon": null,
        "length": null,
        "rottentomatoscore": null,
        "audiencescore": null,
        "IMDbrating": null,
        "Description": null,
        "trailerlink": null
    },
    {
        "Movie": "La La Land ",
        "genre": "Romance",
        "Year": 2016,
        "maincast(upto10ppl)": "Ryan Gosling (Sebastian), Emma Stone (Mia), John Legend (Keith), Rosemarie DeWitt (Laura), J.K. Simmons (Boss), Finn Wittrock (Greg)",
        "Continents(s)availablein": null,
        "Serivcesavailableon": "Netflix",
        "Rating(pg,r,pg13,etc)": "pg-13",
        "rent/buyon": "Prime, Vudu, Apple TV",
        "length": "2h 8m",
        "rottentomatoscore": 0.91,
        "audiencescore": 0.81,
        "IMDbrating": "8.0/10",
        "Description": null,
        "trailerlink": "https://www.youtube.com/watch?v=0pdqf4P9MB8&pp=ygUSbGEgbGEgbGFuZCB0cmFpbGVy"
    },
    {
        "Movie": "Pride and Prejudice",
        "genre": "Romance",
        "Year": 2005,
        "maincast(upto10ppl)": "Keira Knightley (Elizabeth Bennet), Matthew Macfadyen (Mr. Darcy), Brenda Blethyn (Mrs. Bennet), Donald Sutherland (Mr. Bennet), Judi Dench (Lady Catherine de Bourgh), Rosamund Pike (Jane Bennett)",
        "Continents(s)availablein": null,
        "Serivcesavailableon": "Netflix, Peacock",
        "Rating(pg,r,pg13,etc)": "pg",
        "rent/buyon": "Prime, Vudu, Apple TV",
        "length": "2h 8m",
        "rottentomatoscore": 0.87,
        "audiencescore": 0.89,
        "IMDbrating": "7.8/10",
        "Description": null,
        "trailerlink": "https://www.youtube.com/watch?v=Ur_DIHs92NM&pp=ygUbcHJpZGUgYW5kIHByZWp1ZGljZSB0cmFpbGVy"
    },
    {
        "Movie": "Titanic",
        "genre": "Romance",
        "Year": 1997,
        "maincast(upto10ppl)": "Leonardo DiCaprio (Jack Dawson), Kate Winslet (Rose DeWitt Bukater), Billy Zane (Caledon 'Cal' Hockley), Kathy Bates (The unsinkable Molly Brown), Frances Fisher (Ruth DeWitt Bukater), Gloria Stuart (Rose Dawson Calvert)",
        "Continents(s)availablein": null,
        "Serivcesavailableon": "Netflix",
        "Rating(pg,r,pg13,etc)": "pg-13",
        "rent/buyon": "In Theaters, Vudu, Prime, Apple TV",
        "length": "3h 15m",
        "rottentomatoscore": 0.88,
        "audiencescore": 0.69,
        "IMDbrating": "7.9/10",
        "Description": null,
        "trailerlink": "https://www.youtube.com/watch?v=CHekzSiZjrY&pp=ygUPdGl0YW5pYyB0cmFpbGVy"
    },
    {
        "Movie": "Crazy Rich Asians",
        "genre": "Romance",
        "Year": 2018,
        "maincast(upto10ppl)": "Constance Wu (Rachel Chu), Henry Golding (Nick Young), Michelle Yeoh (Eleanor Young)",
        "Continents(s)availablein": null,
        "Serivcesavailableon": "None",
        "Rating(pg,r,pg13,etc)": "pg-13",
        "rent/buyon": "Prime, Vudu, Apple TV",
        "length": "2h",
        "rottentomatoscore": 0.91,
        "audiencescore": 0.76,
        "IMDbrating": "6.9/10",
        "Description": null,
        "trailerlink": "https://www.youtube.com/watch?v=ZQ-YX-5bAs0&pp=ygUZY3JhenkgcmljaCBhc2lhbnMgdHJhaWxlcg%3D%3D"
    },
    {
        "Movie": "To All The Boys",
        "genre": "Romance",
        "Year": null,
        "maincast(upto10ppl)": null,
        "Continents(s)availablein": null,
        "Serivcesavailableon": null,
        "Rating(pg,r,pg13,etc)": null,
        "rent/buyon": null,
        "length": null,
        "rottentomatoscore": null,
        "audiencescore": null,
        "IMDbrating": null,
        "Description": null,
        "trailerlink": null
    },
    {
        "Movie": "While You Were Sleeping",
        "genre": "Romance",
        "Year": null,
        "maincast(upto10ppl)": null,
        "Continents(s)availablein": null,
        "Serivcesavailableon": null,
        "Rating(pg,r,pg13,etc)": null,
        "rent/buyon": null,
        "length": null,
        "rottentomatoscore": null,
        "audiencescore": null,
        "IMDbrating": null,
        "Description": null,
        "trailerlink": null
    }
]